{"cameraMode":{"drawMode":0,"name":"Shaded","section":"Shading Mode"},"sceneLighting":true,"audioPlay":false,"sceneViewState":{"m_AlwaysRefresh":false,"showFog":true,"showSkybox":true,"showFlares":true,"showImageEffects":true,"showParticleSystems":true,"showVisualEffectGraphs":true,"m_FxEnabled":true},"in2DMode":false,"pivot":{"x":949.63818359375,"y":510.21051025390627,"z":938.2894287109375},"rotation":{"x":-0.009309202432632447,"y":-0.0069021317176520828,"z":0.00006442200538003817,"w":-0.9999338388442993},"size":700.10498046875,"orthographic":false}