{"cameraMode":{"drawMode":0,"name":"Shaded","section":"Shading Mode"},"sceneLighting":true,"audioPlay":false,"sceneViewState":{"m_AlwaysRefresh":false,"showFog":true,"showSkybox":true,"showFlares":true,"showImageEffects":true,"showParticleSystems":true,"showVisualEffectGraphs":true,"m_FxEnabled":true},"in2DMode":false,"pivot":{"x":649.6525268554688,"y":440.1226806640625,"z":890.5658569335938},"rotation":{"x":-0.001190516515634954,"y":-0.0015050459187477828,"z":-8.799482316135254e-7,"w":1.0000046491622925},"size":515.7833862304688,"orthographic":true}